name,surname
Mara,Ozola
Anna,Goda
Dace,Briede
Hanna,Kaleja
Kaspars,Gods
Karlis,Zvejnieks
name,surname
name,surname
name,surname
name,surname
name,surname
name,surname
name,surname
name,surname
name,surname
name,surname
name,surname
name,surname
name,surname
name,surname
name,surname
name,surname
name,surname
name,surname
name,surname
name,surname
name,surname
name,surname
name,surname
name,surname
name,surname
name,surname
name,surname
name,surname
name,surname
name,surname
name,surname
name,surname
name,surname
name,surname
name,surname
name,surname
name,surname
name,surname
name,surname
name,surname
name,surname
name,surname
name,surname
name,surname
name,surname
name,surname
name,surname
name,surname
name,surname
name,surname
name,surname
name,surname
name,surname
name,surname
name,surname
name,surname
name,surname
name,surname
name,surname
name,surname
name,surname
name,surname
name,surname
name,surname
name,surname
name,surname
name,surname
name,surname
name,surname
name,surname
name,surname
name,surname
name,surname
name,surname
name,surname
name,surname
name,surname
name,surname
name,surname
name,surname
name,surname
name,surname
name,surname
name,surname
name,surname
name,surname
name,surname
name,surname
name,surname
name,surname
name,surname
name,surname
name,surname
name,surname
name,surname
name,surname
name,surname
name,surname
name,surname
name,surname
name,surname
name,surname
name,surname
name,surname
name,surname
name,surname
name,surname
name,surname
name,surname
name,surname
name,surname
name,surname
name,surname
name,surname
name,surname
name,surname
name,surname
name,surname
name,surname
name,surname
name,surname
name,surname
name,surname
name,surname
name,surname
name,surname
name,surname
name,surname
name,surname
name,surname
name,surname
name,surname
name,surname
name,surname
name,surname
name,surname
name,surname
name,surname
name,surname
name,surname
name,surname
name,surname
name,surname
name,surname
name,surname
name,surname
name,surname
name,surname
name,surname
name,surname
name,surname
name,surname
name,surname
name,surname
name,surname
name,surname
name,surname
name,surname
name,surname
name,surname
name,surname
name,surname
name,surname
name,surname
name,surname
name,surname
name,surname
name,surname
name,surname
name,surname
name,surname
name,surname
name,surname
name,surname
name,surname
name,surname
name,surname
name,surname
name,surname
name,surname
name,surname
name,surname
name,surname
name,surname
name,surname
name,surname
name,surname
name,surname
name,surname
name,surname
name,surname
name,surname
name,surname
name,surname
name,surname
name,surname
name,surname
name,surname
name,surname
name,surname
name,surname
name,surname
name,surname
name,surname
name,surname
name,surname
name,surname
name,surname
name,surname
name,surname
name,surname
name,surname
name,surname
name,surname
name,surname
name,surname
name,surname
name,surname
name,surname
name,surname
name,surname
name,surname
name,surname
name,surname
name,surname
name,surname
name,surname
name,surname
name,surname
name,surname
name,surname
name,surname
name,surname
name,surname
name,surname
name,surname
name,surname
name,surname
name,surname
name,surname
name,surname
name,surname
name,surname
name,surname
name,surname
name,surname
name,surname
name,surname
name,surname
name,surname
name,surname
name,surname
name,surname
name,surname
name,surname
name,surname
name,surname
name,surname
name,surname
name,surname
name,surname
name,surname
name,surname
name,surname
name,surname
name,surname
name,surname
name,surname
name,surname
name,surname
name,surname
name,surname
name,surname
name,surname
name,surname
name,surname
name,surname
name,surname
name,surname
name,surname
name,surname
name,surname
name,surname
name,surname
name,surname
name,surname
name,surname
name,surname
name,surname
name,surname
name,surname
name,surname
name,surname
name,surname
name,surname
name,surname
name,surname
name,surname
name,surname
name,surname
name,surname
name,surname
name,surname
name,surname
name,surname
name,surname
name,surname
name,surname
name,surname
name,surname
name,surname
name,surname
name,surname
name,surname
name,surname
name,surname
name,surname
name,surname
name,surname
name,surname
name,surname
name,surname
name,surname
name,surname
name,surname
name,surname
name,surname
name,surname
name,surname
name,surname
name,surname
